QR;ID del paquet de bosses;ID Extern de bossa (individual);Assignat?
./data/QR/35RSU/GB035R004723.png;GB035R004723;802A00149180;No
./data/QR/35RSU/GB035R004723.png;GB035R004723;802A00149181;No
./data/QR/35RSU/GB035R004723.png;GB035R004723;802A00149182;No
./data/QR/35RSU/GB035R004723.png;GB035R004723;802A00149183;No
./data/QR/35RSU/GB035R004723.png;GB035R004723;802A00149184;No
./data/QR/35RSU/GB035R004723.png;GB035R004723;802A00149185;No
./data/QR/35RSU/GB035R004723.png;GB035R004723;802A00149186;No
./data/QR/35RSU/GB035R004723.png;GB035R004723;802A00149187;No
./data/QR/35RSU/GB035R004723.png;GB035R004723;802A00149188;No
./data/QR/35RSU/GB035R004723.png;GB035R004723;802A00149189;No
./data/QR/35RSU/GB035R004723.png;GB035R004723;802A00149190;No
./data/QR/35RSU/GB035R004723.png;GB035R004723;802A00149191;No
./data/QR/35RSU/GB035R004723.png;GB035R004723;802A00149192;No
./data/QR/35RSU/GB035R004723.png;GB035R004723;802A00149193;No
./data/QR/35RSU/GB035R004723.png;GB035R004723;802A00149194;No
./data/QR/35RSU/GB035R004723.png;GB035R004723;802A00149195;No
./data/QR/35RSU/GB035R004723.png;GB035R004723;802A00149196;No
./data/QR/35RSU/GB035R004723.png;GB035R004723;802A00149197;No
./data/QR/35RSU/GB035R004723.png;GB035R004723;802A00149198;No
./data/QR/35RSU/GB035R004723.png;GB035R004723;802A00149199;No
./data/QR/35RSU/GB035R004724.png;GB035R004724;802A00129180;No
./data/QR/35RSU/GB035R004724.png;GB035R004724;802A00129181;No
./data/QR/35RSU/GB035R004724.png;GB035R004724;802A00129182;No
./data/QR/35RSU/GB035R004724.png;GB035R004724;802A00129183;No
./data/QR/35RSU/GB035R004724.png;GB035R004724;802A00129184;No
./data/QR/35RSU/GB035R004724.png;GB035R004724;802A00129185;No
./data/QR/35RSU/GB035R004724.png;GB035R004724;802A00129186;No
./data/QR/35RSU/GB035R004724.png;GB035R004724;802A00129187;No
./data/QR/35RSU/GB035R004724.png;GB035R004724;802A00129188;No
./data/QR/35RSU/GB035R004724.png;GB035R004724;802A00129189;No
./data/QR/35RSU/GB035R004724.png;GB035R004724;802A00129190;No
./data/QR/35RSU/GB035R004724.png;GB035R004724;802A00129191;No
./data/QR/35RSU/GB035R004724.png;GB035R004724;802A00129192;No
./data/QR/35RSU/GB035R004724.png;GB035R004724;802A00129193;No
./data/QR/35RSU/GB035R004724.png;GB035R004724;802A00129194;No
./data/QR/35RSU/GB035R004724.png;GB035R004724;802A00129195;No
./data/QR/35RSU/GB035R004724.png;GB035R004724;802A00129196;No
./data/QR/35RSU/GB035R004724.png;GB035R004724;802A00129197;No
./data/QR/35RSU/GB035R004724.png;GB035R004724;802A00129198;No
./data/QR/35RSU/GB035R004724.png;GB035R004724;802A00129199;No
./data/QR/35RSU/GB035R004725.png;GB035R004725;802A00149200;No
./data/QR/35RSU/GB035R004725.png;GB035R004725;802A00149201;No
./data/QR/35RSU/GB035R004725.png;GB035R004725;802A00149202;No
./data/QR/35RSU/GB035R004725.png;GB035R004725;802A00149203;No
./data/QR/35RSU/GB035R004725.png;GB035R004725;802A00149204;No
./data/QR/35RSU/GB035R004725.png;GB035R004725;802A00149205;No
./data/QR/35RSU/GB035R004725.png;GB035R004725;802A00149206;No
./data/QR/35RSU/GB035R004725.png;GB035R004725;802A00149207;No
./data/QR/35RSU/GB035R004725.png;GB035R004725;802A00149208;No
./data/QR/35RSU/GB035R004725.png;GB035R004725;802A00149209;No
./data/QR/35RSU/GB035R004725.png;GB035R004725;802A00149210;No
./data/QR/35RSU/GB035R004725.png;GB035R004725;802A00149211;No
./data/QR/35RSU/GB035R004725.png;GB035R004725;802A00149212;No
./data/QR/35RSU/GB035R004725.png;GB035R004725;802A00149213;No
./data/QR/35RSU/GB035R004725.png;GB035R004725;802A00149214;No
./data/QR/35RSU/GB035R004725.png;GB035R004725;802A00149215;No
./data/QR/35RSU/GB035R004725.png;GB035R004725;802A00149216;No
./data/QR/35RSU/GB035R004725.png;GB035R004725;802A00149217;No
./data/QR/35RSU/GB035R004725.png;GB035R004725;802A00149218;No
./data/QR/35RSU/GB035R004725.png;GB035R004725;802A00149219;No
./data/QR/35RSU/GB035R004726.png;GB035R004726;802A00129200;No
./data/QR/35RSU/GB035R004726.png;GB035R004726;802A00129201;No
./data/QR/35RSU/GB035R004726.png;GB035R004726;802A00129202;No
./data/QR/35RSU/GB035R004726.png;GB035R004726;802A00129203;No
./data/QR/35RSU/GB035R004726.png;GB035R004726;802A00129204;No
./data/QR/35RSU/GB035R004726.png;GB035R004726;802A00129205;No
./data/QR/35RSU/GB035R004726.png;GB035R004726;802A00129206;No
./data/QR/35RSU/GB035R004726.png;GB035R004726;802A00129207;No
./data/QR/35RSU/GB035R004726.png;GB035R004726;802A00129208;No
./data/QR/35RSU/GB035R004726.png;GB035R004726;802A00129209;No
./data/QR/35RSU/GB035R004726.png;GB035R004726;802A00129210;No
./data/QR/35RSU/GB035R004726.png;GB035R004726;802A00129211;No
./data/QR/35RSU/GB035R004726.png;GB035R004726;802A00129212;No
./data/QR/35RSU/GB035R004726.png;GB035R004726;802A00129213;No
./data/QR/35RSU/GB035R004726.png;GB035R004726;802A00129214;No
./data/QR/35RSU/GB035R004726.png;GB035R004726;802A00129215;No
./data/QR/35RSU/GB035R004726.png;GB035R004726;802A00129216;No
./data/QR/35RSU/GB035R004726.png;GB035R004726;802A00129217;No
./data/QR/35RSU/GB035R004726.png;GB035R004726;802A00129218;No
./data/QR/35RSU/GB035R004726.png;GB035R004726;802A00129219;No
./data/QR/35RSU/GB035R004727.png;GB035R004727;802A00149220;No
./data/QR/35RSU/GB035R004727.png;GB035R004727;802A00149221;No
./data/QR/35RSU/GB035R004727.png;GB035R004727;802A00149222;No
./data/QR/35RSU/GB035R004727.png;GB035R004727;802A00149223;No
./data/QR/35RSU/GB035R004727.png;GB035R004727;802A00149224;No
./data/QR/35RSU/GB035R004727.png;GB035R004727;802A00149225;No
./data/QR/35RSU/GB035R004727.png;GB035R004727;802A00149226;No
./data/QR/35RSU/GB035R004727.png;GB035R004727;802A00149227;No
./data/QR/35RSU/GB035R004727.png;GB035R004727;802A00149228;No
./data/QR/35RSU/GB035R004727.png;GB035R004727;802A00149229;No
./data/QR/35RSU/GB035R004727.png;GB035R004727;802A00149230;No
./data/QR/35RSU/GB035R004727.png;GB035R004727;802A00149231;No
./data/QR/35RSU/GB035R004727.png;GB035R004727;802A00149232;No
./data/QR/35RSU/GB035R004727.png;GB035R004727;802A00149233;No
./data/QR/35RSU/GB035R004727.png;GB035R004727;802A00149234;No
./data/QR/35RSU/GB035R004727.png;GB035R004727;802A00149235;No
./data/QR/35RSU/GB035R004727.png;GB035R004727;802A00149236;No
./data/QR/35RSU/GB035R004727.png;GB035R004727;802A00149237;No
./data/QR/35RSU/GB035R004727.png;GB035R004727;802A00149238;No
./data/QR/35RSU/GB035R004727.png;GB035R004727;802A00149239;No
./data/QR/35RSU/GB035R004728.png;GB035R004728;802A00129220;No
./data/QR/35RSU/GB035R004728.png;GB035R004728;802A00129221;No
./data/QR/35RSU/GB035R004728.png;GB035R004728;802A00129222;No
./data/QR/35RSU/GB035R004728.png;GB035R004728;802A00129223;No
./data/QR/35RSU/GB035R004728.png;GB035R004728;802A00129224;No
./data/QR/35RSU/GB035R004728.png;GB035R004728;802A00129225;No
./data/QR/35RSU/GB035R004728.png;GB035R004728;802A00129226;No
./data/QR/35RSU/GB035R004728.png;GB035R004728;802A00129227;No
./data/QR/35RSU/GB035R004728.png;GB035R004728;802A00129228;No
./data/QR/35RSU/GB035R004728.png;GB035R004728;802A00129229;No
./data/QR/35RSU/GB035R004728.png;GB035R004728;802A00129230;No
./data/QR/35RSU/GB035R004728.png;GB035R004728;802A00129231;No
./data/QR/35RSU/GB035R004728.png;GB035R004728;802A00129232;No
./data/QR/35RSU/GB035R004728.png;GB035R004728;802A00129233;No
./data/QR/35RSU/GB035R004728.png;GB035R004728;802A00129234;No
./data/QR/35RSU/GB035R004728.png;GB035R004728;802A00129235;No
./data/QR/35RSU/GB035R004728.png;GB035R004728;802A00129236;No
./data/QR/35RSU/GB035R004728.png;GB035R004728;802A00129237;No
./data/QR/35RSU/GB035R004728.png;GB035R004728;802A00129238;No
./data/QR/35RSU/GB035R004728.png;GB035R004728;802A00129239;No
./data/QR/35RSU/GB035R004729.png;GB035R004729;802A00149240;No
./data/QR/35RSU/GB035R004729.png;GB035R004729;802A00149241;No
./data/QR/35RSU/GB035R004729.png;GB035R004729;802A00149242;No
./data/QR/35RSU/GB035R004729.png;GB035R004729;802A00149243;No
./data/QR/35RSU/GB035R004729.png;GB035R004729;802A00149244;No
./data/QR/35RSU/GB035R004729.png;GB035R004729;802A00149245;No
./data/QR/35RSU/GB035R004729.png;GB035R004729;802A00149246;No
./data/QR/35RSU/GB035R004729.png;GB035R004729;802A00149247;No
./data/QR/35RSU/GB035R004729.png;GB035R004729;802A00149248;No
./data/QR/35RSU/GB035R004729.png;GB035R004729;802A00149249;No
./data/QR/35RSU/GB035R004729.png;GB035R004729;802A00149250;No
./data/QR/35RSU/GB035R004729.png;GB035R004729;802A00149251;No
./data/QR/35RSU/GB035R004729.png;GB035R004729;802A00149252;No
./data/QR/35RSU/GB035R004729.png;GB035R004729;802A00149253;No
./data/QR/35RSU/GB035R004729.png;GB035R004729;802A00149254;No
./data/QR/35RSU/GB035R004729.png;GB035R004729;802A00149255;No
./data/QR/35RSU/GB035R004729.png;GB035R004729;802A00149256;No
./data/QR/35RSU/GB035R004729.png;GB035R004729;802A00149257;No
./data/QR/35RSU/GB035R004729.png;GB035R004729;802A00149258;No
./data/QR/35RSU/GB035R004729.png;GB035R004729;802A00149259;No
./data/QR/35RSU/GB035R004730.png;GB035R004730;802A00129240;No
./data/QR/35RSU/GB035R004730.png;GB035R004730;802A00129241;No
./data/QR/35RSU/GB035R004730.png;GB035R004730;802A00129242;No
./data/QR/35RSU/GB035R004730.png;GB035R004730;802A00129243;No
./data/QR/35RSU/GB035R004730.png;GB035R004730;802A00129244;No
./data/QR/35RSU/GB035R004730.png;GB035R004730;802A00129245;No
./data/QR/35RSU/GB035R004730.png;GB035R004730;802A00129246;No
./data/QR/35RSU/GB035R004730.png;GB035R004730;802A00129247;No
./data/QR/35RSU/GB035R004730.png;GB035R004730;802A00129248;No
./data/QR/35RSU/GB035R004730.png;GB035R004730;802A00129249;No
./data/QR/35RSU/GB035R004730.png;GB035R004730;802A00129250;No
./data/QR/35RSU/GB035R004730.png;GB035R004730;802A00129251;No
./data/QR/35RSU/GB035R004730.png;GB035R004730;802A00129252;No
./data/QR/35RSU/GB035R004730.png;GB035R004730;802A00129253;No
./data/QR/35RSU/GB035R004730.png;GB035R004730;802A00129254;No
./data/QR/35RSU/GB035R004730.png;GB035R004730;802A00129255;No
./data/QR/35RSU/GB035R004730.png;GB035R004730;802A00129256;No
./data/QR/35RSU/GB035R004730.png;GB035R004730;802A00129257;No
./data/QR/35RSU/GB035R004730.png;GB035R004730;802A00129258;No
./data/QR/35RSU/GB035R004730.png;GB035R004730;802A00129259;No
./data/QR/35RSU/GB035R004731.png;GB035R004731;802A00149260;No
./data/QR/35RSU/GB035R004731.png;GB035R004731;802A00149261;No
./data/QR/35RSU/GB035R004731.png;GB035R004731;802A00149262;No
./data/QR/35RSU/GB035R004731.png;GB035R004731;802A00149263;No
./data/QR/35RSU/GB035R004731.png;GB035R004731;802A00149264;No
./data/QR/35RSU/GB035R004731.png;GB035R004731;802A00149265;No
./data/QR/35RSU/GB035R004731.png;GB035R004731;802A00149266;No
./data/QR/35RSU/GB035R004731.png;GB035R004731;802A00149267;No
./data/QR/35RSU/GB035R004731.png;GB035R004731;802A00149268;No
./data/QR/35RSU/GB035R004731.png;GB035R004731;802A00149269;No
./data/QR/35RSU/GB035R004731.png;GB035R004731;802A00149270;No
./data/QR/35RSU/GB035R004731.png;GB035R004731;802A00149271;No
./data/QR/35RSU/GB035R004731.png;GB035R004731;802A00149272;No
./data/QR/35RSU/GB035R004731.png;GB035R004731;802A00149273;No
./data/QR/35RSU/GB035R004731.png;GB035R004731;802A00149274;No
./data/QR/35RSU/GB035R004731.png;GB035R004731;802A00149275;No
./data/QR/35RSU/GB035R004731.png;GB035R004731;802A00149276;No
./data/QR/35RSU/GB035R004731.png;GB035R004731;802A00149277;No
./data/QR/35RSU/GB035R004731.png;GB035R004731;802A00149278;No
./data/QR/35RSU/GB035R004731.png;GB035R004731;802A00149279;No
./data/QR/35RSU/GB035R004732.png;GB035R004732;802A00129260;No
./data/QR/35RSU/GB035R004732.png;GB035R004732;802A00129261;No
./data/QR/35RSU/GB035R004732.png;GB035R004732;802A00129262;No
./data/QR/35RSU/GB035R004732.png;GB035R004732;802A00129263;No
./data/QR/35RSU/GB035R004732.png;GB035R004732;802A00129264;No
./data/QR/35RSU/GB035R004732.png;GB035R004732;802A00129265;No
./data/QR/35RSU/GB035R004732.png;GB035R004732;802A00129266;No
./data/QR/35RSU/GB035R004732.png;GB035R004732;802A00129267;No
./data/QR/35RSU/GB035R004732.png;GB035R004732;802A00129268;No
./data/QR/35RSU/GB035R004732.png;GB035R004732;802A00129269;No
./data/QR/35RSU/GB035R004732.png;GB035R004732;802A00129270;No
./data/QR/35RSU/GB035R004732.png;GB035R004732;802A00129271;No
./data/QR/35RSU/GB035R004732.png;GB035R004732;802A00129272;No
./data/QR/35RSU/GB035R004732.png;GB035R004732;802A00129273;No
./data/QR/35RSU/GB035R004732.png;GB035R004732;802A00129274;No
./data/QR/35RSU/GB035R004732.png;GB035R004732;802A00129275;No
./data/QR/35RSU/GB035R004732.png;GB035R004732;802A00129276;No
./data/QR/35RSU/GB035R004732.png;GB035R004732;802A00129277;No
./data/QR/35RSU/GB035R004732.png;GB035R004732;802A00129278;No
./data/QR/35RSU/GB035R004732.png;GB035R004732;802A00129279;No
./data/QR/35RSU/GB035R004733.png;GB035R004733;802A00149280;No
./data/QR/35RSU/GB035R004733.png;GB035R004733;802A00149281;No
./data/QR/35RSU/GB035R004733.png;GB035R004733;802A00149282;No
./data/QR/35RSU/GB035R004733.png;GB035R004733;802A00149283;No
./data/QR/35RSU/GB035R004733.png;GB035R004733;802A00149284;No
./data/QR/35RSU/GB035R004733.png;GB035R004733;802A00149285;No
./data/QR/35RSU/GB035R004733.png;GB035R004733;802A00149286;No
./data/QR/35RSU/GB035R004733.png;GB035R004733;802A00149287;No
./data/QR/35RSU/GB035R004733.png;GB035R004733;802A00149288;No
./data/QR/35RSU/GB035R004733.png;GB035R004733;802A00149289;No
./data/QR/35RSU/GB035R004733.png;GB035R004733;802A00149290;No
./data/QR/35RSU/GB035R004733.png;GB035R004733;802A00149291;No
./data/QR/35RSU/GB035R004733.png;GB035R004733;802A00149292;No
./data/QR/35RSU/GB035R004733.png;GB035R004733;802A00149293;No
./data/QR/35RSU/GB035R004733.png;GB035R004733;802A00149294;No
./data/QR/35RSU/GB035R004733.png;GB035R004733;802A00149295;No
./data/QR/35RSU/GB035R004733.png;GB035R004733;802A00149296;No
./data/QR/35RSU/GB035R004733.png;GB035R004733;802A00149297;No
./data/QR/35RSU/GB035R004733.png;GB035R004733;802A00149298;No
./data/QR/35RSU/GB035R004733.png;GB035R004733;802A00149299;No
./data/QR/35RSU/GB035R004734.png;GB035R004734;802A00129280;No
./data/QR/35RSU/GB035R004734.png;GB035R004734;802A00129281;No
./data/QR/35RSU/GB035R004734.png;GB035R004734;802A00129282;No
./data/QR/35RSU/GB035R004734.png;GB035R004734;802A00129283;No
./data/QR/35RSU/GB035R004734.png;GB035R004734;802A00129284;No
./data/QR/35RSU/GB035R004734.png;GB035R004734;802A00129285;No
./data/QR/35RSU/GB035R004734.png;GB035R004734;802A00129286;No
./data/QR/35RSU/GB035R004734.png;GB035R004734;802A00129287;No
./data/QR/35RSU/GB035R004734.png;GB035R004734;802A00129288;No
./data/QR/35RSU/GB035R004734.png;GB035R004734;802A00129289;No
./data/QR/35RSU/GB035R004734.png;GB035R004734;802A00129290;No
./data/QR/35RSU/GB035R004734.png;GB035R004734;802A00129291;No
./data/QR/35RSU/GB035R004734.png;GB035R004734;802A00129292;No
./data/QR/35RSU/GB035R004734.png;GB035R004734;802A00129293;No
./data/QR/35RSU/GB035R004734.png;GB035R004734;802A00129294;No
./data/QR/35RSU/GB035R004734.png;GB035R004734;802A00129295;No
./data/QR/35RSU/GB035R004734.png;GB035R004734;802A00129296;No
./data/QR/35RSU/GB035R004734.png;GB035R004734;802A00129297;No
./data/QR/35RSU/GB035R004734.png;GB035R004734;802A00129298;No
./data/QR/35RSU/GB035R004734.png;GB035R004734;802A00129299;No
./data/QR/35RSU/GB035R004735.png;GB035R004735;802A00149300;No
./data/QR/35RSU/GB035R004735.png;GB035R004735;802A00149301;No
./data/QR/35RSU/GB035R004735.png;GB035R004735;802A00149302;No
./data/QR/35RSU/GB035R004735.png;GB035R004735;802A00149303;No
./data/QR/35RSU/GB035R004735.png;GB035R004735;802A00149304;No
./data/QR/35RSU/GB035R004735.png;GB035R004735;802A00149305;No
./data/QR/35RSU/GB035R004735.png;GB035R004735;802A00149306;No
./data/QR/35RSU/GB035R004735.png;GB035R004735;802A00149307;No
./data/QR/35RSU/GB035R004735.png;GB035R004735;802A00149308;No
./data/QR/35RSU/GB035R004735.png;GB035R004735;802A00149309;No
./data/QR/35RSU/GB035R004735.png;GB035R004735;802A00149310;No
./data/QR/35RSU/GB035R004735.png;GB035R004735;802A00149311;No
./data/QR/35RSU/GB035R004735.png;GB035R004735;802A00149312;No
./data/QR/35RSU/GB035R004735.png;GB035R004735;802A00149313;No
./data/QR/35RSU/GB035R004735.png;GB035R004735;802A00149314;No
./data/QR/35RSU/GB035R004735.png;GB035R004735;802A00149315;No
./data/QR/35RSU/GB035R004735.png;GB035R004735;802A00149316;No
./data/QR/35RSU/GB035R004735.png;GB035R004735;802A00149317;No
./data/QR/35RSU/GB035R004735.png;GB035R004735;802A00149318;No
./data/QR/35RSU/GB035R004735.png;GB035R004735;802A00149319;No
./data/QR/35RSU/GB035R004736.png;GB035R004736;802A00129300;No
./data/QR/35RSU/GB035R004736.png;GB035R004736;802A00129301;No
./data/QR/35RSU/GB035R004736.png;GB035R004736;802A00129302;No
./data/QR/35RSU/GB035R004736.png;GB035R004736;802A00129303;No
./data/QR/35RSU/GB035R004736.png;GB035R004736;802A00129304;No
./data/QR/35RSU/GB035R004736.png;GB035R004736;802A00129305;No
./data/QR/35RSU/GB035R004736.png;GB035R004736;802A00129306;No
./data/QR/35RSU/GB035R004736.png;GB035R004736;802A00129307;No
./data/QR/35RSU/GB035R004736.png;GB035R004736;802A00129308;No
./data/QR/35RSU/GB035R004736.png;GB035R004736;802A00129309;No
./data/QR/35RSU/GB035R004736.png;GB035R004736;802A00129310;No
./data/QR/35RSU/GB035R004736.png;GB035R004736;802A00129311;No
./data/QR/35RSU/GB035R004736.png;GB035R004736;802A00129312;No
./data/QR/35RSU/GB035R004736.png;GB035R004736;802A00129313;No
./data/QR/35RSU/GB035R004736.png;GB035R004736;802A00129314;No
./data/QR/35RSU/GB035R004736.png;GB035R004736;802A00129315;No
./data/QR/35RSU/GB035R004736.png;GB035R004736;802A00129316;No
./data/QR/35RSU/GB035R004736.png;GB035R004736;802A00129317;No
./data/QR/35RSU/GB035R004736.png;GB035R004736;802A00129318;No
./data/QR/35RSU/GB035R004736.png;GB035R004736;802A00129319;No
./data/QR/35RSU/GB035R004737.png;GB035R004737;802A00149320;No
./data/QR/35RSU/GB035R004737.png;GB035R004737;802A00149321;No
./data/QR/35RSU/GB035R004737.png;GB035R004737;802A00149322;No
./data/QR/35RSU/GB035R004737.png;GB035R004737;802A00149323;No
./data/QR/35RSU/GB035R004737.png;GB035R004737;802A00149324;No
./data/QR/35RSU/GB035R004737.png;GB035R004737;802A00149325;No
./data/QR/35RSU/GB035R004737.png;GB035R004737;802A00149326;No
./data/QR/35RSU/GB035R004737.png;GB035R004737;802A00149327;No
./data/QR/35RSU/GB035R004737.png;GB035R004737;802A00149328;No
./data/QR/35RSU/GB035R004737.png;GB035R004737;802A00149329;No
./data/QR/35RSU/GB035R004737.png;GB035R004737;802A00149330;No
./data/QR/35RSU/GB035R004737.png;GB035R004737;802A00149331;No
./data/QR/35RSU/GB035R004737.png;GB035R004737;802A00149332;No
./data/QR/35RSU/GB035R004737.png;GB035R004737;802A00149333;No
./data/QR/35RSU/GB035R004737.png;GB035R004737;802A00149334;No
./data/QR/35RSU/GB035R004737.png;GB035R004737;802A00149335;No
./data/QR/35RSU/GB035R004737.png;GB035R004737;802A00149336;No
./data/QR/35RSU/GB035R004737.png;GB035R004737;802A00149337;No
./data/QR/35RSU/GB035R004737.png;GB035R004737;802A00149338;No
./data/QR/35RSU/GB035R004737.png;GB035R004737;802A00149339;No
./data/QR/35RSU/GB035R004738.png;GB035R004738;802A00129320;No
./data/QR/35RSU/GB035R004738.png;GB035R004738;802A00129321;No
./data/QR/35RSU/GB035R004738.png;GB035R004738;802A00129322;No
./data/QR/35RSU/GB035R004738.png;GB035R004738;802A00129323;No
./data/QR/35RSU/GB035R004738.png;GB035R004738;802A00129324;No
./data/QR/35RSU/GB035R004738.png;GB035R004738;802A00129325;No
./data/QR/35RSU/GB035R004738.png;GB035R004738;802A00129326;No
./data/QR/35RSU/GB035R004738.png;GB035R004738;802A00129327;No
./data/QR/35RSU/GB035R004738.png;GB035R004738;802A00129328;No
./data/QR/35RSU/GB035R004738.png;GB035R004738;802A00129329;No
./data/QR/35RSU/GB035R004738.png;GB035R004738;802A00129330;No
./data/QR/35RSU/GB035R004738.png;GB035R004738;802A00129331;No
./data/QR/35RSU/GB035R004738.png;GB035R004738;802A00129332;No
./data/QR/35RSU/GB035R004738.png;GB035R004738;802A00129333;No
./data/QR/35RSU/GB035R004738.png;GB035R004738;802A00129334;No
./data/QR/35RSU/GB035R004738.png;GB035R004738;802A00129335;No
./data/QR/35RSU/GB035R004738.png;GB035R004738;802A00129336;No
./data/QR/35RSU/GB035R004738.png;GB035R004738;802A00129337;No
./data/QR/35RSU/GB035R004738.png;GB035R004738;802A00129338;No
./data/QR/35RSU/GB035R004738.png;GB035R004738;802A00129339;No
./data/QR/35RSU/GB035R004739.png;GB035R004739;802A00149340;No
./data/QR/35RSU/GB035R004739.png;GB035R004739;802A00149341;No
./data/QR/35RSU/GB035R004739.png;GB035R004739;802A00149342;No
./data/QR/35RSU/GB035R004739.png;GB035R004739;802A00149343;No
./data/QR/35RSU/GB035R004739.png;GB035R004739;802A00149344;No
./data/QR/35RSU/GB035R004739.png;GB035R004739;802A00149345;No
./data/QR/35RSU/GB035R004739.png;GB035R004739;802A00149346;No
./data/QR/35RSU/GB035R004739.png;GB035R004739;802A00149347;No
./data/QR/35RSU/GB035R004739.png;GB035R004739;802A00149348;No
./data/QR/35RSU/GB035R004739.png;GB035R004739;802A00149349;No
./data/QR/35RSU/GB035R004739.png;GB035R004739;802A00149350;No
./data/QR/35RSU/GB035R004739.png;GB035R004739;802A00149351;No
./data/QR/35RSU/GB035R004739.png;GB035R004739;802A00149352;No
./data/QR/35RSU/GB035R004739.png;GB035R004739;802A00149353;No
./data/QR/35RSU/GB035R004739.png;GB035R004739;802A00149354;No
./data/QR/35RSU/GB035R004739.png;GB035R004739;802A00149355;No
./data/QR/35RSU/GB035R004739.png;GB035R004739;802A00149356;No
./data/QR/35RSU/GB035R004739.png;GB035R004739;802A00149357;No
./data/QR/35RSU/GB035R004739.png;GB035R004739;802A00149358;No
./data/QR/35RSU/GB035R004739.png;GB035R004739;802A00149359;No
./data/QR/35RSU/GB035R004740.png;GB035R004740;802A00129340;No
./data/QR/35RSU/GB035R004740.png;GB035R004740;802A00129341;No
./data/QR/35RSU/GB035R004740.png;GB035R004740;802A00129342;No
./data/QR/35RSU/GB035R004740.png;GB035R004740;802A00129343;No
./data/QR/35RSU/GB035R004740.png;GB035R004740;802A00129344;No
./data/QR/35RSU/GB035R004740.png;GB035R004740;802A00129345;No
./data/QR/35RSU/GB035R004740.png;GB035R004740;802A00129346;No
./data/QR/35RSU/GB035R004740.png;GB035R004740;802A00129347;No
./data/QR/35RSU/GB035R004740.png;GB035R004740;802A00129348;No
./data/QR/35RSU/GB035R004740.png;GB035R004740;802A00129349;No
./data/QR/35RSU/GB035R004740.png;GB035R004740;802A00129350;No
./data/QR/35RSU/GB035R004740.png;GB035R004740;802A00129351;No
./data/QR/35RSU/GB035R004740.png;GB035R004740;802A00129352;No
./data/QR/35RSU/GB035R004740.png;GB035R004740;802A00129353;No
./data/QR/35RSU/GB035R004740.png;GB035R004740;802A00129354;No
./data/QR/35RSU/GB035R004740.png;GB035R004740;802A00129355;No
./data/QR/35RSU/GB035R004740.png;GB035R004740;802A00129356;No
./data/QR/35RSU/GB035R004740.png;GB035R004740;802A00129357;No
./data/QR/35RSU/GB035R004740.png;GB035R004740;802A00129358;No
./data/QR/35RSU/GB035R004740.png;GB035R004740;802A00129359;No
./data/QR/35RSU/GB035R004741.png;GB035R004741;802A00149360;No
./data/QR/35RSU/GB035R004741.png;GB035R004741;802A00149361;No
./data/QR/35RSU/GB035R004741.png;GB035R004741;802A00149362;No
./data/QR/35RSU/GB035R004741.png;GB035R004741;802A00149363;No
./data/QR/35RSU/GB035R004741.png;GB035R004741;802A00149364;No
./data/QR/35RSU/GB035R004741.png;GB035R004741;802A00149365;No
./data/QR/35RSU/GB035R004741.png;GB035R004741;802A00149366;No
./data/QR/35RSU/GB035R004741.png;GB035R004741;802A00149367;No
./data/QR/35RSU/GB035R004741.png;GB035R004741;802A00149368;No
./data/QR/35RSU/GB035R004741.png;GB035R004741;802A00149369;No
./data/QR/35RSU/GB035R004741.png;GB035R004741;802A00149370;No
./data/QR/35RSU/GB035R004741.png;GB035R004741;802A00149371;No
./data/QR/35RSU/GB035R004741.png;GB035R004741;802A00149372;No
./data/QR/35RSU/GB035R004741.png;GB035R004741;802A00149373;No
./data/QR/35RSU/GB035R004741.png;GB035R004741;802A00149374;No
./data/QR/35RSU/GB035R004741.png;GB035R004741;802A00149375;No
./data/QR/35RSU/GB035R004741.png;GB035R004741;802A00149376;No
./data/QR/35RSU/GB035R004741.png;GB035R004741;802A00149377;No
./data/QR/35RSU/GB035R004741.png;GB035R004741;802A00149378;No
./data/QR/35RSU/GB035R004741.png;GB035R004741;802A00149379;No
./data/QR/35RSU/GB035R004742.png;GB035R004742;802A00129360;No
./data/QR/35RSU/GB035R004742.png;GB035R004742;802A00129361;No
./data/QR/35RSU/GB035R004742.png;GB035R004742;802A00129362;No
./data/QR/35RSU/GB035R004742.png;GB035R004742;802A00129363;No
./data/QR/35RSU/GB035R004742.png;GB035R004742;802A00129364;No
./data/QR/35RSU/GB035R004742.png;GB035R004742;802A00129365;No
./data/QR/35RSU/GB035R004742.png;GB035R004742;802A00129366;No
./data/QR/35RSU/GB035R004742.png;GB035R004742;802A00129367;No
./data/QR/35RSU/GB035R004742.png;GB035R004742;802A00129368;No
./data/QR/35RSU/GB035R004742.png;GB035R004742;802A00129369;No
./data/QR/35RSU/GB035R004742.png;GB035R004742;802A00129370;No
./data/QR/35RSU/GB035R004742.png;GB035R004742;802A00129371;No
./data/QR/35RSU/GB035R004742.png;GB035R004742;802A00129372;No
./data/QR/35RSU/GB035R004742.png;GB035R004742;802A00129373;No
./data/QR/35RSU/GB035R004742.png;GB035R004742;802A00129374;No
./data/QR/35RSU/GB035R004742.png;GB035R004742;802A00129375;No
./data/QR/35RSU/GB035R004742.png;GB035R004742;802A00129376;No
./data/QR/35RSU/GB035R004742.png;GB035R004742;802A00129377;No
./data/QR/35RSU/GB035R004742.png;GB035R004742;802A00129378;No
./data/QR/35RSU/GB035R004742.png;GB035R004742;802A00129379;No
./data/QR/35RSU/GB035R004743.png;GB035R004743;802A00149380;No
./data/QR/35RSU/GB035R004743.png;GB035R004743;802A00149381;No
./data/QR/35RSU/GB035R004743.png;GB035R004743;802A00149382;No
./data/QR/35RSU/GB035R004743.png;GB035R004743;802A00149383;No
./data/QR/35RSU/GB035R004743.png;GB035R004743;802A00149384;No
./data/QR/35RSU/GB035R004743.png;GB035R004743;802A00149385;No
./data/QR/35RSU/GB035R004743.png;GB035R004743;802A00149386;No
./data/QR/35RSU/GB035R004743.png;GB035R004743;802A00149387;No
./data/QR/35RSU/GB035R004743.png;GB035R004743;802A00149388;No
./data/QR/35RSU/GB035R004743.png;GB035R004743;802A00149389;No
./data/QR/35RSU/GB035R004743.png;GB035R004743;802A00149390;No
./data/QR/35RSU/GB035R004743.png;GB035R004743;802A00149391;No
./data/QR/35RSU/GB035R004743.png;GB035R004743;802A00149392;No
./data/QR/35RSU/GB035R004743.png;GB035R004743;802A00149393;No
./data/QR/35RSU/GB035R004743.png;GB035R004743;802A00149394;No
./data/QR/35RSU/GB035R004743.png;GB035R004743;802A00149395;No
./data/QR/35RSU/GB035R004743.png;GB035R004743;802A00149396;No
./data/QR/35RSU/GB035R004743.png;GB035R004743;802A00149397;No
./data/QR/35RSU/GB035R004743.png;GB035R004743;802A00149398;No
./data/QR/35RSU/GB035R004743.png;GB035R004743;802A00149399;No
./data/QR/35RSU/GB035R004744.png;GB035R004744;802A00129380;No
./data/QR/35RSU/GB035R004744.png;GB035R004744;802A00129381;No
./data/QR/35RSU/GB035R004744.png;GB035R004744;802A00129382;No
./data/QR/35RSU/GB035R004744.png;GB035R004744;802A00129383;No
./data/QR/35RSU/GB035R004744.png;GB035R004744;802A00129384;No
./data/QR/35RSU/GB035R004744.png;GB035R004744;802A00129385;No
./data/QR/35RSU/GB035R004744.png;GB035R004744;802A00129386;No
./data/QR/35RSU/GB035R004744.png;GB035R004744;802A00129387;No
./data/QR/35RSU/GB035R004744.png;GB035R004744;802A00129388;No
./data/QR/35RSU/GB035R004744.png;GB035R004744;802A00129389;No
./data/QR/35RSU/GB035R004744.png;GB035R004744;802A00129390;No
./data/QR/35RSU/GB035R004744.png;GB035R004744;802A00129391;No
./data/QR/35RSU/GB035R004744.png;GB035R004744;802A00129392;No
./data/QR/35RSU/GB035R004744.png;GB035R004744;802A00129393;No
./data/QR/35RSU/GB035R004744.png;GB035R004744;802A00129394;No
./data/QR/35RSU/GB035R004744.png;GB035R004744;802A00129395;No
./data/QR/35RSU/GB035R004744.png;GB035R004744;802A00129396;No
./data/QR/35RSU/GB035R004744.png;GB035R004744;802A00129397;No
./data/QR/35RSU/GB035R004744.png;GB035R004744;802A00129398;No
./data/QR/35RSU/GB035R004744.png;GB035R004744;802A00129399;No
./data/QR/35RSU/GB035R004745.png;GB035R004745;802A00149400;No
./data/QR/35RSU/GB035R004745.png;GB035R004745;802A00149401;No
./data/QR/35RSU/GB035R004745.png;GB035R004745;802A00149402;No
./data/QR/35RSU/GB035R004745.png;GB035R004745;802A00149403;No
./data/QR/35RSU/GB035R004745.png;GB035R004745;802A00149404;No
./data/QR/35RSU/GB035R004745.png;GB035R004745;802A00149405;No
./data/QR/35RSU/GB035R004745.png;GB035R004745;802A00149406;No
./data/QR/35RSU/GB035R004745.png;GB035R004745;802A00149407;No
./data/QR/35RSU/GB035R004745.png;GB035R004745;802A00149408;No
./data/QR/35RSU/GB035R004745.png;GB035R004745;802A00149409;No
./data/QR/35RSU/GB035R004745.png;GB035R004745;802A00149410;No
./data/QR/35RSU/GB035R004745.png;GB035R004745;802A00149411;No
./data/QR/35RSU/GB035R004745.png;GB035R004745;802A00149412;No
./data/QR/35RSU/GB035R004745.png;GB035R004745;802A00149413;No
./data/QR/35RSU/GB035R004745.png;GB035R004745;802A00149414;No
./data/QR/35RSU/GB035R004745.png;GB035R004745;802A00149415;No
./data/QR/35RSU/GB035R004745.png;GB035R004745;802A00149416;No
./data/QR/35RSU/GB035R004745.png;GB035R004745;802A00149417;No
./data/QR/35RSU/GB035R004745.png;GB035R004745;802A00149418;No
./data/QR/35RSU/GB035R004745.png;GB035R004745;802A00149419;No
./data/QR/35RSU/GB035R004746.png;GB035R004746;802A00129400;No
./data/QR/35RSU/GB035R004746.png;GB035R004746;802A00129401;No
./data/QR/35RSU/GB035R004746.png;GB035R004746;802A00129402;No
./data/QR/35RSU/GB035R004746.png;GB035R004746;802A00129403;No
./data/QR/35RSU/GB035R004746.png;GB035R004746;802A00129404;No
./data/QR/35RSU/GB035R004746.png;GB035R004746;802A00129405;No
./data/QR/35RSU/GB035R004746.png;GB035R004746;802A00129406;No
./data/QR/35RSU/GB035R004746.png;GB035R004746;802A00129407;No
./data/QR/35RSU/GB035R004746.png;GB035R004746;802A00129408;No
./data/QR/35RSU/GB035R004746.png;GB035R004746;802A00129409;No
./data/QR/35RSU/GB035R004746.png;GB035R004746;802A00129410;No
./data/QR/35RSU/GB035R004746.png;GB035R004746;802A00129411;No
./data/QR/35RSU/GB035R004746.png;GB035R004746;802A00129412;No
./data/QR/35RSU/GB035R004746.png;GB035R004746;802A00129413;No
./data/QR/35RSU/GB035R004746.png;GB035R004746;802A00129414;No
./data/QR/35RSU/GB035R004746.png;GB035R004746;802A00129415;No
./data/QR/35RSU/GB035R004746.png;GB035R004746;802A00129416;No
./data/QR/35RSU/GB035R004746.png;GB035R004746;802A00129417;No
./data/QR/35RSU/GB035R004746.png;GB035R004746;802A00129418;No
./data/QR/35RSU/GB035R004746.png;GB035R004746;802A00129419;No
./data/QR/35RSU/GB035R004747.png;GB035R004747;802A00149420;No
./data/QR/35RSU/GB035R004747.png;GB035R004747;802A00149421;No
./data/QR/35RSU/GB035R004747.png;GB035R004747;802A00149422;No
./data/QR/35RSU/GB035R004747.png;GB035R004747;802A00149423;No
./data/QR/35RSU/GB035R004747.png;GB035R004747;802A00149424;No
./data/QR/35RSU/GB035R004747.png;GB035R004747;802A00149425;No
./data/QR/35RSU/GB035R004747.png;GB035R004747;802A00149426;No
./data/QR/35RSU/GB035R004747.png;GB035R004747;802A00149427;No
./data/QR/35RSU/GB035R004747.png;GB035R004747;802A00149428;No
./data/QR/35RSU/GB035R004747.png;GB035R004747;802A00149429;No
./data/QR/35RSU/GB035R004747.png;GB035R004747;802A00149430;No
./data/QR/35RSU/GB035R004747.png;GB035R004747;802A00149431;No
./data/QR/35RSU/GB035R004747.png;GB035R004747;802A00149432;No
./data/QR/35RSU/GB035R004747.png;GB035R004747;802A00149433;No
./data/QR/35RSU/GB035R004747.png;GB035R004747;802A00149434;No
./data/QR/35RSU/GB035R004747.png;GB035R004747;802A00149435;No
./data/QR/35RSU/GB035R004747.png;GB035R004747;802A00149436;No
./data/QR/35RSU/GB035R004747.png;GB035R004747;802A00149437;No
./data/QR/35RSU/GB035R004747.png;GB035R004747;802A00149438;No
./data/QR/35RSU/GB035R004747.png;GB035R004747;802A00149439;No
./data/QR/35RSU/GB035R004748.png;GB035R004748;802A00129420;No
./data/QR/35RSU/GB035R004748.png;GB035R004748;802A00129421;No
./data/QR/35RSU/GB035R004748.png;GB035R004748;802A00129422;No
./data/QR/35RSU/GB035R004748.png;GB035R004748;802A00129423;No
./data/QR/35RSU/GB035R004748.png;GB035R004748;802A00129424;No
./data/QR/35RSU/GB035R004748.png;GB035R004748;802A00129425;No
./data/QR/35RSU/GB035R004748.png;GB035R004748;802A00129426;No
./data/QR/35RSU/GB035R004748.png;GB035R004748;802A00129427;No
./data/QR/35RSU/GB035R004748.png;GB035R004748;802A00129428;No
./data/QR/35RSU/GB035R004748.png;GB035R004748;802A00129429;No
./data/QR/35RSU/GB035R004748.png;GB035R004748;802A00129430;No
./data/QR/35RSU/GB035R004748.png;GB035R004748;802A00129431;No
./data/QR/35RSU/GB035R004748.png;GB035R004748;802A00129432;No
./data/QR/35RSU/GB035R004748.png;GB035R004748;802A00129433;No
./data/QR/35RSU/GB035R004748.png;GB035R004748;802A00129434;No
./data/QR/35RSU/GB035R004748.png;GB035R004748;802A00129435;No
./data/QR/35RSU/GB035R004748.png;GB035R004748;802A00129436;No
./data/QR/35RSU/GB035R004748.png;GB035R004748;802A00129437;No
./data/QR/35RSU/GB035R004748.png;GB035R004748;802A00129438;No
./data/QR/35RSU/GB035R004748.png;GB035R004748;802A00129439;No
./data/QR/35RSU/GB035R004749.png;GB035R004749;802A00149440;No
./data/QR/35RSU/GB035R004749.png;GB035R004749;802A00149441;No
./data/QR/35RSU/GB035R004749.png;GB035R004749;802A00149442;No
./data/QR/35RSU/GB035R004749.png;GB035R004749;802A00149443;No
./data/QR/35RSU/GB035R004749.png;GB035R004749;802A00149444;No
./data/QR/35RSU/GB035R004749.png;GB035R004749;802A00149445;No
./data/QR/35RSU/GB035R004749.png;GB035R004749;802A00149446;No
./data/QR/35RSU/GB035R004749.png;GB035R004749;802A00149447;No
./data/QR/35RSU/GB035R004749.png;GB035R004749;802A00149448;No
./data/QR/35RSU/GB035R004749.png;GB035R004749;802A00149449;No
./data/QR/35RSU/GB035R004749.png;GB035R004749;802A00149450;No
./data/QR/35RSU/GB035R004749.png;GB035R004749;802A00149451;No
./data/QR/35RSU/GB035R004749.png;GB035R004749;802A00149452;No
./data/QR/35RSU/GB035R004749.png;GB035R004749;802A00149453;No
./data/QR/35RSU/GB035R004749.png;GB035R004749;802A00149454;No
./data/QR/35RSU/GB035R004749.png;GB035R004749;802A00149455;No
./data/QR/35RSU/GB035R004749.png;GB035R004749;802A00149456;No
./data/QR/35RSU/GB035R004749.png;GB035R004749;802A00149457;No
./data/QR/35RSU/GB035R004749.png;GB035R004749;802A00149458;No
./data/QR/35RSU/GB035R004749.png;GB035R004749;802A00149459;No
./data/QR/35RSU/GB035R004750.png;GB035R004750;802A00129440;No
./data/QR/35RSU/GB035R004750.png;GB035R004750;802A00129441;No
./data/QR/35RSU/GB035R004750.png;GB035R004750;802A00129442;No
./data/QR/35RSU/GB035R004750.png;GB035R004750;802A00129443;No
./data/QR/35RSU/GB035R004750.png;GB035R004750;802A00129444;No
./data/QR/35RSU/GB035R004750.png;GB035R004750;802A00129445;No
./data/QR/35RSU/GB035R004750.png;GB035R004750;802A00129446;No
./data/QR/35RSU/GB035R004750.png;GB035R004750;802A00129447;No
./data/QR/35RSU/GB035R004750.png;GB035R004750;802A00129448;No
./data/QR/35RSU/GB035R004750.png;GB035R004750;802A00129449;No
./data/QR/35RSU/GB035R004750.png;GB035R004750;802A00129450;No
./data/QR/35RSU/GB035R004750.png;GB035R004750;802A00129451;No
./data/QR/35RSU/GB035R004750.png;GB035R004750;802A00129452;No
./data/QR/35RSU/GB035R004750.png;GB035R004750;802A00129453;No
./data/QR/35RSU/GB035R004750.png;GB035R004750;802A00129454;No
./data/QR/35RSU/GB035R004750.png;GB035R004750;802A00129455;No
./data/QR/35RSU/GB035R004750.png;GB035R004750;802A00129456;No
./data/QR/35RSU/GB035R004750.png;GB035R004750;802A00129457;No
./data/QR/35RSU/GB035R004750.png;GB035R004750;802A00129458;No
./data/QR/35RSU/GB035R004750.png;GB035R004750;802A00129459;No
./data/QR/35RSU/GB035R004751.png;GB035R004751;802A00149460;No
./data/QR/35RSU/GB035R004751.png;GB035R004751;802A00149461;No
./data/QR/35RSU/GB035R004751.png;GB035R004751;802A00149462;No
./data/QR/35RSU/GB035R004751.png;GB035R004751;802A00149463;No
./data/QR/35RSU/GB035R004751.png;GB035R004751;802A00149464;No
./data/QR/35RSU/GB035R004751.png;GB035R004751;802A00149465;No
./data/QR/35RSU/GB035R004751.png;GB035R004751;802A00149466;No
./data/QR/35RSU/GB035R004751.png;GB035R004751;802A00149467;No
./data/QR/35RSU/GB035R004751.png;GB035R004751;802A00149468;No
./data/QR/35RSU/GB035R004751.png;GB035R004751;802A00149469;No
./data/QR/35RSU/GB035R004751.png;GB035R004751;802A00149470;No
./data/QR/35RSU/GB035R004751.png;GB035R004751;802A00149471;No
./data/QR/35RSU/GB035R004751.png;GB035R004751;802A00149472;No
./data/QR/35RSU/GB035R004751.png;GB035R004751;802A00149473;No
./data/QR/35RSU/GB035R004751.png;GB035R004751;802A00149474;No
./data/QR/35RSU/GB035R004751.png;GB035R004751;802A00149475;No
./data/QR/35RSU/GB035R004751.png;GB035R004751;802A00149476;No
./data/QR/35RSU/GB035R004751.png;GB035R004751;802A00149477;No
./data/QR/35RSU/GB035R004751.png;GB035R004751;802A00149478;No
./data/QR/35RSU/GB035R004751.png;GB035R004751;802A00149479;No
./data/QR/35RSU/GB035R004752.png;GB035R004752;802A00129460;No
./data/QR/35RSU/GB035R004752.png;GB035R004752;802A00129461;No
./data/QR/35RSU/GB035R004752.png;GB035R004752;802A00129462;No
./data/QR/35RSU/GB035R004752.png;GB035R004752;802A00129463;No
./data/QR/35RSU/GB035R004752.png;GB035R004752;802A00129464;No
./data/QR/35RSU/GB035R004752.png;GB035R004752;802A00129465;No
./data/QR/35RSU/GB035R004752.png;GB035R004752;802A00129466;No
./data/QR/35RSU/GB035R004752.png;GB035R004752;802A00129467;No
./data/QR/35RSU/GB035R004752.png;GB035R004752;802A00129468;No
./data/QR/35RSU/GB035R004752.png;GB035R004752;802A00129469;No
./data/QR/35RSU/GB035R004752.png;GB035R004752;802A00129470;No
./data/QR/35RSU/GB035R004752.png;GB035R004752;802A00129471;No
./data/QR/35RSU/GB035R004752.png;GB035R004752;802A00129472;No
./data/QR/35RSU/GB035R004752.png;GB035R004752;802A00129473;No
./data/QR/35RSU/GB035R004752.png;GB035R004752;802A00129474;No
./data/QR/35RSU/GB035R004752.png;GB035R004752;802A00129475;No
./data/QR/35RSU/GB035R004752.png;GB035R004752;802A00129476;No
./data/QR/35RSU/GB035R004752.png;GB035R004752;802A00129477;No
./data/QR/35RSU/GB035R004752.png;GB035R004752;802A00129478;No
./data/QR/35RSU/GB035R004752.png;GB035R004752;802A00129479;No
./data/QR/35RSU/GB035R004753.png;GB035R004753;802A00149480;No
./data/QR/35RSU/GB035R004753.png;GB035R004753;802A00149481;No
./data/QR/35RSU/GB035R004753.png;GB035R004753;802A00149482;No
./data/QR/35RSU/GB035R004753.png;GB035R004753;802A00149483;No
./data/QR/35RSU/GB035R004753.png;GB035R004753;802A00149484;No
./data/QR/35RSU/GB035R004753.png;GB035R004753;802A00149485;No
./data/QR/35RSU/GB035R004753.png;GB035R004753;802A00149486;No
./data/QR/35RSU/GB035R004753.png;GB035R004753;802A00149487;No
./data/QR/35RSU/GB035R004753.png;GB035R004753;802A00149488;No
./data/QR/35RSU/GB035R004753.png;GB035R004753;802A00149489;No
./data/QR/35RSU/GB035R004753.png;GB035R004753;802A00149490;No
./data/QR/35RSU/GB035R004753.png;GB035R004753;802A00149491;No
./data/QR/35RSU/GB035R004753.png;GB035R004753;802A00149492;No
./data/QR/35RSU/GB035R004753.png;GB035R004753;802A00149493;No
./data/QR/35RSU/GB035R004753.png;GB035R004753;802A00149494;No
./data/QR/35RSU/GB035R004753.png;GB035R004753;802A00149495;No
./data/QR/35RSU/GB035R004753.png;GB035R004753;802A00149496;No
./data/QR/35RSU/GB035R004753.png;GB035R004753;802A00149497;No
./data/QR/35RSU/GB035R004753.png;GB035R004753;802A00149498;No
./data/QR/35RSU/GB035R004753.png;GB035R004753;802A00149499;No
./data/QR/35RSU/GB035R004754.png;GB035R004754;802A00129480;No
./data/QR/35RSU/GB035R004754.png;GB035R004754;802A00129481;No
./data/QR/35RSU/GB035R004754.png;GB035R004754;802A00129482;No
./data/QR/35RSU/GB035R004754.png;GB035R004754;802A00129483;No
./data/QR/35RSU/GB035R004754.png;GB035R004754;802A00129484;No
./data/QR/35RSU/GB035R004754.png;GB035R004754;802A00129485;No
./data/QR/35RSU/GB035R004754.png;GB035R004754;802A00129486;No
./data/QR/35RSU/GB035R004754.png;GB035R004754;802A00129487;No
./data/QR/35RSU/GB035R004754.png;GB035R004754;802A00129488;No
./data/QR/35RSU/GB035R004754.png;GB035R004754;802A00129489;No
./data/QR/35RSU/GB035R004754.png;GB035R004754;802A00129490;No
./data/QR/35RSU/GB035R004754.png;GB035R004754;802A00129491;No
./data/QR/35RSU/GB035R004754.png;GB035R004754;802A00129492;No
./data/QR/35RSU/GB035R004754.png;GB035R004754;802A00129493;No
./data/QR/35RSU/GB035R004754.png;GB035R004754;802A00129494;No
./data/QR/35RSU/GB035R004754.png;GB035R004754;802A00129495;No
./data/QR/35RSU/GB035R004754.png;GB035R004754;802A00129496;No
./data/QR/35RSU/GB035R004754.png;GB035R004754;802A00129497;No
./data/QR/35RSU/GB035R004754.png;GB035R004754;802A00129498;No
./data/QR/35RSU/GB035R004754.png;GB035R004754;802A00129499;No
./data/QR/35RSU/GB035R004755.png;GB035R004755;802A00149500;No
./data/QR/35RSU/GB035R004755.png;GB035R004755;802A00149501;No
./data/QR/35RSU/GB035R004755.png;GB035R004755;802A00149502;No
./data/QR/35RSU/GB035R004755.png;GB035R004755;802A00149503;No
./data/QR/35RSU/GB035R004755.png;GB035R004755;802A00149504;No
./data/QR/35RSU/GB035R004755.png;GB035R004755;802A00149505;No
./data/QR/35RSU/GB035R004755.png;GB035R004755;802A00149506;No
./data/QR/35RSU/GB035R004755.png;GB035R004755;802A00149507;No
./data/QR/35RSU/GB035R004755.png;GB035R004755;802A00149508;No
./data/QR/35RSU/GB035R004755.png;GB035R004755;802A00149509;No
./data/QR/35RSU/GB035R004755.png;GB035R004755;802A00149510;No
./data/QR/35RSU/GB035R004755.png;GB035R004755;802A00149511;No
./data/QR/35RSU/GB035R004755.png;GB035R004755;802A00149512;No
./data/QR/35RSU/GB035R004755.png;GB035R004755;802A00149513;No
./data/QR/35RSU/GB035R004755.png;GB035R004755;802A00149514;No
./data/QR/35RSU/GB035R004755.png;GB035R004755;802A00149515;No
./data/QR/35RSU/GB035R004755.png;GB035R004755;802A00149516;No
./data/QR/35RSU/GB035R004755.png;GB035R004755;802A00149517;No
./data/QR/35RSU/GB035R004755.png;GB035R004755;802A00149518;No
./data/QR/35RSU/GB035R004755.png;GB035R004755;802A00149519;No
./data/QR/35RSU/GB035R004756.png;GB035R004756;802A00129500;No
./data/QR/35RSU/GB035R004756.png;GB035R004756;802A00129501;No
./data/QR/35RSU/GB035R004756.png;GB035R004756;802A00129502;No
./data/QR/35RSU/GB035R004756.png;GB035R004756;802A00129503;No
./data/QR/35RSU/GB035R004756.png;GB035R004756;802A00129504;No
./data/QR/35RSU/GB035R004756.png;GB035R004756;802A00129505;No
./data/QR/35RSU/GB035R004756.png;GB035R004756;802A00129506;No
./data/QR/35RSU/GB035R004756.png;GB035R004756;802A00129507;No
./data/QR/35RSU/GB035R004756.png;GB035R004756;802A00129508;No
./data/QR/35RSU/GB035R004756.png;GB035R004756;802A00129509;No
./data/QR/35RSU/GB035R004756.png;GB035R004756;802A00129510;No
./data/QR/35RSU/GB035R004756.png;GB035R004756;802A00129511;No
./data/QR/35RSU/GB035R004756.png;GB035R004756;802A00129512;No
./data/QR/35RSU/GB035R004756.png;GB035R004756;802A00129513;No
./data/QR/35RSU/GB035R004756.png;GB035R004756;802A00129514;No
./data/QR/35RSU/GB035R004756.png;GB035R004756;802A00129515;No
./data/QR/35RSU/GB035R004756.png;GB035R004756;802A00129516;No
./data/QR/35RSU/GB035R004756.png;GB035R004756;802A00129517;No
./data/QR/35RSU/GB035R004756.png;GB035R004756;802A00129518;No
./data/QR/35RSU/GB035R004756.png;GB035R004756;802A00129519;No
./data/QR/35RSU/GB035R004757.png;GB035R004757;802A00149520;No
./data/QR/35RSU/GB035R004757.png;GB035R004757;802A00149521;No
./data/QR/35RSU/GB035R004757.png;GB035R004757;802A00149522;No
./data/QR/35RSU/GB035R004757.png;GB035R004757;802A00149523;No
./data/QR/35RSU/GB035R004757.png;GB035R004757;802A00149524;No
./data/QR/35RSU/GB035R004757.png;GB035R004757;802A00149525;No
./data/QR/35RSU/GB035R004757.png;GB035R004757;802A00149526;No
./data/QR/35RSU/GB035R004757.png;GB035R004757;802A00149527;No
./data/QR/35RSU/GB035R004757.png;GB035R004757;802A00149528;No
./data/QR/35RSU/GB035R004757.png;GB035R004757;802A00149529;No
./data/QR/35RSU/GB035R004757.png;GB035R004757;802A00149530;No
./data/QR/35RSU/GB035R004757.png;GB035R004757;802A00149531;No
./data/QR/35RSU/GB035R004757.png;GB035R004757;802A00149532;No
./data/QR/35RSU/GB035R004757.png;GB035R004757;802A00149533;No
./data/QR/35RSU/GB035R004757.png;GB035R004757;802A00149534;No
./data/QR/35RSU/GB035R004757.png;GB035R004757;802A00149535;No
./data/QR/35RSU/GB035R004757.png;GB035R004757;802A00149536;No
./data/QR/35RSU/GB035R004757.png;GB035R004757;802A00149537;No
./data/QR/35RSU/GB035R004757.png;GB035R004757;802A00149538;No
./data/QR/35RSU/GB035R004757.png;GB035R004757;802A00149539;No
./data/QR/35RSU/GB035R004758.png;GB035R004758;802A00129520;No
./data/QR/35RSU/GB035R004758.png;GB035R004758;802A00129521;No
./data/QR/35RSU/GB035R004758.png;GB035R004758;802A00129522;No
./data/QR/35RSU/GB035R004758.png;GB035R004758;802A00129523;No
./data/QR/35RSU/GB035R004758.png;GB035R004758;802A00129524;No
./data/QR/35RSU/GB035R004758.png;GB035R004758;802A00129525;No
./data/QR/35RSU/GB035R004758.png;GB035R004758;802A00129526;No
./data/QR/35RSU/GB035R004758.png;GB035R004758;802A00129527;No
./data/QR/35RSU/GB035R004758.png;GB035R004758;802A00129528;No
./data/QR/35RSU/GB035R004758.png;GB035R004758;802A00129529;No
./data/QR/35RSU/GB035R004758.png;GB035R004758;802A00129530;No
./data/QR/35RSU/GB035R004758.png;GB035R004758;802A00129531;No
./data/QR/35RSU/GB035R004758.png;GB035R004758;802A00129532;No
./data/QR/35RSU/GB035R004758.png;GB035R004758;802A00129533;No
./data/QR/35RSU/GB035R004758.png;GB035R004758;802A00129534;No
./data/QR/35RSU/GB035R004758.png;GB035R004758;802A00129535;No
./data/QR/35RSU/GB035R004758.png;GB035R004758;802A00129536;No
./data/QR/35RSU/GB035R004758.png;GB035R004758;802A00129537;No
./data/QR/35RSU/GB035R004758.png;GB035R004758;802A00129538;No
./data/QR/35RSU/GB035R004758.png;GB035R004758;802A00129539;No
./data/QR/35RSU/GB035R004759.png;GB035R004759;802A00149540;No
./data/QR/35RSU/GB035R004759.png;GB035R004759;802A00149541;No
./data/QR/35RSU/GB035R004759.png;GB035R004759;802A00149542;No
./data/QR/35RSU/GB035R004759.png;GB035R004759;802A00149543;No
./data/QR/35RSU/GB035R004759.png;GB035R004759;802A00149544;No
./data/QR/35RSU/GB035R004759.png;GB035R004759;802A00149545;No
./data/QR/35RSU/GB035R004759.png;GB035R004759;802A00149546;No
./data/QR/35RSU/GB035R004759.png;GB035R004759;802A00149547;No
./data/QR/35RSU/GB035R004759.png;GB035R004759;802A00149548;No
./data/QR/35RSU/GB035R004759.png;GB035R004759;802A00149549;No
./data/QR/35RSU/GB035R004759.png;GB035R004759;802A00149550;No
./data/QR/35RSU/GB035R004759.png;GB035R004759;802A00149551;No
./data/QR/35RSU/GB035R004759.png;GB035R004759;802A00149552;No
./data/QR/35RSU/GB035R004759.png;GB035R004759;802A00149553;No
./data/QR/35RSU/GB035R004759.png;GB035R004759;802A00149554;No
./data/QR/35RSU/GB035R004759.png;GB035R004759;802A00149555;No
./data/QR/35RSU/GB035R004759.png;GB035R004759;802A00149556;No
./data/QR/35RSU/GB035R004759.png;GB035R004759;802A00149557;No
./data/QR/35RSU/GB035R004759.png;GB035R004759;802A00149558;No
./data/QR/35RSU/GB035R004759.png;GB035R004759;802A00149559;No
./data/QR/35RSU/GB035R004760.png;GB035R004760;802A00129540;No
./data/QR/35RSU/GB035R004760.png;GB035R004760;802A00129541;No
./data/QR/35RSU/GB035R004760.png;GB035R004760;802A00129542;No
./data/QR/35RSU/GB035R004760.png;GB035R004760;802A00129543;No
./data/QR/35RSU/GB035R004760.png;GB035R004760;802A00129544;No
./data/QR/35RSU/GB035R004760.png;GB035R004760;802A00129545;No
./data/QR/35RSU/GB035R004760.png;GB035R004760;802A00129546;No
./data/QR/35RSU/GB035R004760.png;GB035R004760;802A00129547;No
./data/QR/35RSU/GB035R004760.png;GB035R004760;802A00129548;No
./data/QR/35RSU/GB035R004760.png;GB035R004760;802A00129549;No
./data/QR/35RSU/GB035R004760.png;GB035R004760;802A00129550;No
./data/QR/35RSU/GB035R004760.png;GB035R004760;802A00129551;No
./data/QR/35RSU/GB035R004760.png;GB035R004760;802A00129552;No
./data/QR/35RSU/GB035R004760.png;GB035R004760;802A00129553;No
./data/QR/35RSU/GB035R004760.png;GB035R004760;802A00129554;No
./data/QR/35RSU/GB035R004760.png;GB035R004760;802A00129555;No
./data/QR/35RSU/GB035R004760.png;GB035R004760;802A00129556;No
./data/QR/35RSU/GB035R004760.png;GB035R004760;802A00129557;No
./data/QR/35RSU/GB035R004760.png;GB035R004760;802A00129558;No
./data/QR/35RSU/GB035R004760.png;GB035R004760;802A00129559;No
./data/QR/35RSU/GB035R004761.png;GB035R004761;802A00149560;No
./data/QR/35RSU/GB035R004761.png;GB035R004761;802A00149561;No
./data/QR/35RSU/GB035R004761.png;GB035R004761;802A00149562;No
./data/QR/35RSU/GB035R004761.png;GB035R004761;802A00149563;No
./data/QR/35RSU/GB035R004761.png;GB035R004761;802A00149564;No
./data/QR/35RSU/GB035R004761.png;GB035R004761;802A00149565;No
./data/QR/35RSU/GB035R004761.png;GB035R004761;802A00149566;No
./data/QR/35RSU/GB035R004761.png;GB035R004761;802A00149567;No
./data/QR/35RSU/GB035R004761.png;GB035R004761;802A00149568;No
./data/QR/35RSU/GB035R004761.png;GB035R004761;802A00149569;No
./data/QR/35RSU/GB035R004761.png;GB035R004761;802A00149570;No
./data/QR/35RSU/GB035R004761.png;GB035R004761;802A00149571;No
./data/QR/35RSU/GB035R004761.png;GB035R004761;802A00149572;No
./data/QR/35RSU/GB035R004761.png;GB035R004761;802A00149573;No
./data/QR/35RSU/GB035R004761.png;GB035R004761;802A00149574;No
./data/QR/35RSU/GB035R004761.png;GB035R004761;802A00149575;No
./data/QR/35RSU/GB035R004761.png;GB035R004761;802A00149576;No
./data/QR/35RSU/GB035R004761.png;GB035R004761;802A00149577;No
./data/QR/35RSU/GB035R004761.png;GB035R004761;802A00149578;No
./data/QR/35RSU/GB035R004761.png;GB035R004761;802A00149579;No
./data/QR/35RSU/GB035R004762.png;GB035R004762;802A00129560;No
./data/QR/35RSU/GB035R004762.png;GB035R004762;802A00129561;No
./data/QR/35RSU/GB035R004762.png;GB035R004762;802A00129562;No
./data/QR/35RSU/GB035R004762.png;GB035R004762;802A00129563;No
./data/QR/35RSU/GB035R004762.png;GB035R004762;802A00129564;No
./data/QR/35RSU/GB035R004762.png;GB035R004762;802A00129565;No
./data/QR/35RSU/GB035R004762.png;GB035R004762;802A00129566;No
./data/QR/35RSU/GB035R004762.png;GB035R004762;802A00129567;No
./data/QR/35RSU/GB035R004762.png;GB035R004762;802A00129568;No
./data/QR/35RSU/GB035R004762.png;GB035R004762;802A00129569;No
./data/QR/35RSU/GB035R004762.png;GB035R004762;802A00129570;No
./data/QR/35RSU/GB035R004762.png;GB035R004762;802A00129571;No
./data/QR/35RSU/GB035R004762.png;GB035R004762;802A00129572;No
./data/QR/35RSU/GB035R004762.png;GB035R004762;802A00129573;No
./data/QR/35RSU/GB035R004762.png;GB035R004762;802A00129574;No
./data/QR/35RSU/GB035R004762.png;GB035R004762;802A00129575;No
./data/QR/35RSU/GB035R004762.png;GB035R004762;802A00129576;No
./data/QR/35RSU/GB035R004762.png;GB035R004762;802A00129577;No
./data/QR/35RSU/GB035R004762.png;GB035R004762;802A00129578;No
./data/QR/35RSU/GB035R004762.png;GB035R004762;802A00129579;No
./data/QR/35RSU/GB035R004763.png;GB035R004763;802A00149580;No
./data/QR/35RSU/GB035R004763.png;GB035R004763;802A00149581;No
./data/QR/35RSU/GB035R004763.png;GB035R004763;802A00149582;No
./data/QR/35RSU/GB035R004763.png;GB035R004763;802A00149583;No
./data/QR/35RSU/GB035R004763.png;GB035R004763;802A00149584;No
./data/QR/35RSU/GB035R004763.png;GB035R004763;802A00149585;No
./data/QR/35RSU/GB035R004763.png;GB035R004763;802A00149586;No
./data/QR/35RSU/GB035R004763.png;GB035R004763;802A00149587;No
./data/QR/35RSU/GB035R004763.png;GB035R004763;802A00149588;No
./data/QR/35RSU/GB035R004763.png;GB035R004763;802A00149589;No
./data/QR/35RSU/GB035R004763.png;GB035R004763;802A00149590;No
./data/QR/35RSU/GB035R004763.png;GB035R004763;802A00149591;No
./data/QR/35RSU/GB035R004763.png;GB035R004763;802A00149592;No
./data/QR/35RSU/GB035R004763.png;GB035R004763;802A00149593;No
./data/QR/35RSU/GB035R004763.png;GB035R004763;802A00149594;No
./data/QR/35RSU/GB035R004763.png;GB035R004763;802A00149595;No
./data/QR/35RSU/GB035R004763.png;GB035R004763;802A00149596;No
./data/QR/35RSU/GB035R004763.png;GB035R004763;802A00149597;No
./data/QR/35RSU/GB035R004763.png;GB035R004763;802A00149598;No
./data/QR/35RSU/GB035R004763.png;GB035R004763;802A00149599;No
./data/QR/35RSU/GB035R004764.png;GB035R004764;802A00129580;No
./data/QR/35RSU/GB035R004764.png;GB035R004764;802A00129581;No
./data/QR/35RSU/GB035R004764.png;GB035R004764;802A00129582;No
./data/QR/35RSU/GB035R004764.png;GB035R004764;802A00129583;No
./data/QR/35RSU/GB035R004764.png;GB035R004764;802A00129584;No
./data/QR/35RSU/GB035R004764.png;GB035R004764;802A00129585;No
./data/QR/35RSU/GB035R004764.png;GB035R004764;802A00129586;No
./data/QR/35RSU/GB035R004764.png;GB035R004764;802A00129587;No
./data/QR/35RSU/GB035R004764.png;GB035R004764;802A00129588;No
./data/QR/35RSU/GB035R004764.png;GB035R004764;802A00129589;No
./data/QR/35RSU/GB035R004764.png;GB035R004764;802A00129590;No
./data/QR/35RSU/GB035R004764.png;GB035R004764;802A00129591;No
./data/QR/35RSU/GB035R004764.png;GB035R004764;802A00129592;No
./data/QR/35RSU/GB035R004764.png;GB035R004764;802A00129593;No
./data/QR/35RSU/GB035R004764.png;GB035R004764;802A00129594;No
./data/QR/35RSU/GB035R004764.png;GB035R004764;802A00129595;No
./data/QR/35RSU/GB035R004764.png;GB035R004764;802A00129596;No
./data/QR/35RSU/GB035R004764.png;GB035R004764;802A00129597;No
./data/QR/35RSU/GB035R004764.png;GB035R004764;802A00129598;No
./data/QR/35RSU/GB035R004764.png;GB035R004764;802A00129599;No
./data/QR/35RSU/GB035R004765.png;GB035R004765;802A00149600;No
./data/QR/35RSU/GB035R004765.png;GB035R004765;802A00149601;No
./data/QR/35RSU/GB035R004765.png;GB035R004765;802A00149602;No
./data/QR/35RSU/GB035R004765.png;GB035R004765;802A00149603;No
./data/QR/35RSU/GB035R004765.png;GB035R004765;802A00149604;No
./data/QR/35RSU/GB035R004765.png;GB035R004765;802A00149605;No
./data/QR/35RSU/GB035R004765.png;GB035R004765;802A00149606;No
./data/QR/35RSU/GB035R004765.png;GB035R004765;802A00149607;No
./data/QR/35RSU/GB035R004765.png;GB035R004765;802A00149608;No
./data/QR/35RSU/GB035R004765.png;GB035R004765;802A00149609;No
./data/QR/35RSU/GB035R004765.png;GB035R004765;802A00149610;No
./data/QR/35RSU/GB035R004765.png;GB035R004765;802A00149611;No
./data/QR/35RSU/GB035R004765.png;GB035R004765;802A00149612;No
./data/QR/35RSU/GB035R004765.png;GB035R004765;802A00149613;No
./data/QR/35RSU/GB035R004765.png;GB035R004765;802A00149614;No
./data/QR/35RSU/GB035R004765.png;GB035R004765;802A00149615;No
./data/QR/35RSU/GB035R004765.png;GB035R004765;802A00149616;No
./data/QR/35RSU/GB035R004765.png;GB035R004765;802A00149617;No
./data/QR/35RSU/GB035R004765.png;GB035R004765;802A00149618;No
./data/QR/35RSU/GB035R004765.png;GB035R004765;802A00149619;No
./data/QR/35RSU/GB035R004766.png;GB035R004766;802A00129600;No
./data/QR/35RSU/GB035R004766.png;GB035R004766;802A00129601;No
./data/QR/35RSU/GB035R004766.png;GB035R004766;802A00129602;No
./data/QR/35RSU/GB035R004766.png;GB035R004766;802A00129603;No
./data/QR/35RSU/GB035R004766.png;GB035R004766;802A00129604;No
./data/QR/35RSU/GB035R004766.png;GB035R004766;802A00129605;No
./data/QR/35RSU/GB035R004766.png;GB035R004766;802A00129606;No
./data/QR/35RSU/GB035R004766.png;GB035R004766;802A00129607;No
./data/QR/35RSU/GB035R004766.png;GB035R004766;802A00129608;No
./data/QR/35RSU/GB035R004766.png;GB035R004766;802A00129609;No
./data/QR/35RSU/GB035R004766.png;GB035R004766;802A00129610;No
./data/QR/35RSU/GB035R004766.png;GB035R004766;802A00129611;No
./data/QR/35RSU/GB035R004766.png;GB035R004766;802A00129612;No
./data/QR/35RSU/GB035R004766.png;GB035R004766;802A00129613;No
./data/QR/35RSU/GB035R004766.png;GB035R004766;802A00129614;No
./data/QR/35RSU/GB035R004766.png;GB035R004766;802A00129615;No
./data/QR/35RSU/GB035R004766.png;GB035R004766;802A00129616;No
./data/QR/35RSU/GB035R004766.png;GB035R004766;802A00129617;No
./data/QR/35RSU/GB035R004766.png;GB035R004766;802A00129618;No
./data/QR/35RSU/GB035R004766.png;GB035R004766;802A00129619;No
./data/QR/35RSU/GB035R004767.png;GB035R004767;802A00149620;No
./data/QR/35RSU/GB035R004767.png;GB035R004767;802A00149621;No
./data/QR/35RSU/GB035R004767.png;GB035R004767;802A00149622;No
./data/QR/35RSU/GB035R004767.png;GB035R004767;802A00149623;No
./data/QR/35RSU/GB035R004767.png;GB035R004767;802A00149624;No
./data/QR/35RSU/GB035R004767.png;GB035R004767;802A00149625;No
./data/QR/35RSU/GB035R004767.png;GB035R004767;802A00149626;No
./data/QR/35RSU/GB035R004767.png;GB035R004767;802A00149627;No
./data/QR/35RSU/GB035R004767.png;GB035R004767;802A00149628;No
./data/QR/35RSU/GB035R004767.png;GB035R004767;802A00149629;No
./data/QR/35RSU/GB035R004767.png;GB035R004767;802A00149630;No
./data/QR/35RSU/GB035R004767.png;GB035R004767;802A00149631;No
./data/QR/35RSU/GB035R004767.png;GB035R004767;802A00149632;No
./data/QR/35RSU/GB035R004767.png;GB035R004767;802A00149633;No
./data/QR/35RSU/GB035R004767.png;GB035R004767;802A00149634;No
./data/QR/35RSU/GB035R004767.png;GB035R004767;802A00149635;No
./data/QR/35RSU/GB035R004767.png;GB035R004767;802A00149636;No
./data/QR/35RSU/GB035R004767.png;GB035R004767;802A00149637;No
./data/QR/35RSU/GB035R004767.png;GB035R004767;802A00149638;No
./data/QR/35RSU/GB035R004767.png;GB035R004767;802A00149639;No
./data/QR/35RSU/GB035R004768.png;GB035R004768;802A00129620;No
./data/QR/35RSU/GB035R004768.png;GB035R004768;802A00129621;No
./data/QR/35RSU/GB035R004768.png;GB035R004768;802A00129622;No
./data/QR/35RSU/GB035R004768.png;GB035R004768;802A00129623;No
./data/QR/35RSU/GB035R004768.png;GB035R004768;802A00129624;No
./data/QR/35RSU/GB035R004768.png;GB035R004768;802A00129625;No
./data/QR/35RSU/GB035R004768.png;GB035R004768;802A00129626;No
./data/QR/35RSU/GB035R004768.png;GB035R004768;802A00129627;No
./data/QR/35RSU/GB035R004768.png;GB035R004768;802A00129628;No
./data/QR/35RSU/GB035R004768.png;GB035R004768;802A00129629;No
./data/QR/35RSU/GB035R004768.png;GB035R004768;802A00129630;No
./data/QR/35RSU/GB035R004768.png;GB035R004768;802A00129631;No
./data/QR/35RSU/GB035R004768.png;GB035R004768;802A00129632;No
./data/QR/35RSU/GB035R004768.png;GB035R004768;802A00129633;No
./data/QR/35RSU/GB035R004768.png;GB035R004768;802A00129634;No
./data/QR/35RSU/GB035R004768.png;GB035R004768;802A00129635;No
./data/QR/35RSU/GB035R004768.png;GB035R004768;802A00129636;No
./data/QR/35RSU/GB035R004768.png;GB035R004768;802A00129637;No
./data/QR/35RSU/GB035R004768.png;GB035R004768;802A00129638;No
./data/QR/35RSU/GB035R004768.png;GB035R004768;802A00129639;No
./data/QR/35RSU/GB035R004769.png;GB035R004769;802A00149640;No
./data/QR/35RSU/GB035R004769.png;GB035R004769;802A00149641;No
./data/QR/35RSU/GB035R004769.png;GB035R004769;802A00149642;No
./data/QR/35RSU/GB035R004769.png;GB035R004769;802A00149643;No
./data/QR/35RSU/GB035R004769.png;GB035R004769;802A00149644;No
./data/QR/35RSU/GB035R004769.png;GB035R004769;802A00149645;No
./data/QR/35RSU/GB035R004769.png;GB035R004769;802A00149646;No
./data/QR/35RSU/GB035R004769.png;GB035R004769;802A00149647;No
./data/QR/35RSU/GB035R004769.png;GB035R004769;802A00149648;No
./data/QR/35RSU/GB035R004769.png;GB035R004769;802A00149649;No
./data/QR/35RSU/GB035R004769.png;GB035R004769;802A00149650;No
./data/QR/35RSU/GB035R004769.png;GB035R004769;802A00149651;No
./data/QR/35RSU/GB035R004769.png;GB035R004769;802A00149652;No
./data/QR/35RSU/GB035R004769.png;GB035R004769;802A00149653;No
./data/QR/35RSU/GB035R004769.png;GB035R004769;802A00149654;No
./data/QR/35RSU/GB035R004769.png;GB035R004769;802A00149655;No
./data/QR/35RSU/GB035R004769.png;GB035R004769;802A00149656;No
./data/QR/35RSU/GB035R004769.png;GB035R004769;802A00149657;No
./data/QR/35RSU/GB035R004769.png;GB035R004769;802A00149658;No
./data/QR/35RSU/GB035R004769.png;GB035R004769;802A00149659;No
./data/QR/35RSU/GB035R004770.png;GB035R004770;802A00129640;No
./data/QR/35RSU/GB035R004770.png;GB035R004770;802A00129641;No
./data/QR/35RSU/GB035R004770.png;GB035R004770;802A00129642;No
./data/QR/35RSU/GB035R004770.png;GB035R004770;802A00129643;No
./data/QR/35RSU/GB035R004770.png;GB035R004770;802A00129644;No
./data/QR/35RSU/GB035R004770.png;GB035R004770;802A00129645;No
./data/QR/35RSU/GB035R004770.png;GB035R004770;802A00129646;No
./data/QR/35RSU/GB035R004770.png;GB035R004770;802A00129647;No
./data/QR/35RSU/GB035R004770.png;GB035R004770;802A00129648;No
./data/QR/35RSU/GB035R004770.png;GB035R004770;802A00129649;No
./data/QR/35RSU/GB035R004770.png;GB035R004770;802A00129650;No
./data/QR/35RSU/GB035R004770.png;GB035R004770;802A00129651;No
./data/QR/35RSU/GB035R004770.png;GB035R004770;802A00129652;No
./data/QR/35RSU/GB035R004770.png;GB035R004770;802A00129653;No
./data/QR/35RSU/GB035R004770.png;GB035R004770;802A00129654;No
./data/QR/35RSU/GB035R004770.png;GB035R004770;802A00129655;No
./data/QR/35RSU/GB035R004770.png;GB035R004770;802A00129656;No
./data/QR/35RSU/GB035R004770.png;GB035R004770;802A00129657;No
./data/QR/35RSU/GB035R004770.png;GB035R004770;802A00129658;No
./data/QR/35RSU/GB035R004770.png;GB035R004770;802A00129659;No
./data/QR/35RSU/GB035R004771.png;GB035R004771;802A00149660;No
./data/QR/35RSU/GB035R004771.png;GB035R004771;802A00149661;No
./data/QR/35RSU/GB035R004771.png;GB035R004771;802A00149662;No
./data/QR/35RSU/GB035R004771.png;GB035R004771;802A00149663;No
./data/QR/35RSU/GB035R004771.png;GB035R004771;802A00149664;No
./data/QR/35RSU/GB035R004771.png;GB035R004771;802A00149665;No
./data/QR/35RSU/GB035R004771.png;GB035R004771;802A00149666;No
./data/QR/35RSU/GB035R004771.png;GB035R004771;802A00149667;No
./data/QR/35RSU/GB035R004771.png;GB035R004771;802A00149668;No
./data/QR/35RSU/GB035R004771.png;GB035R004771;802A00149669;No
./data/QR/35RSU/GB035R004771.png;GB035R004771;802A00149670;No
./data/QR/35RSU/GB035R004771.png;GB035R004771;802A00149671;No
./data/QR/35RSU/GB035R004771.png;GB035R004771;802A00149672;No
./data/QR/35RSU/GB035R004771.png;GB035R004771;802A00149673;No
./data/QR/35RSU/GB035R004771.png;GB035R004771;802A00149674;No
./data/QR/35RSU/GB035R004771.png;GB035R004771;802A00149675;No
./data/QR/35RSU/GB035R004771.png;GB035R004771;802A00149676;No
./data/QR/35RSU/GB035R004771.png;GB035R004771;802A00149677;No
./data/QR/35RSU/GB035R004771.png;GB035R004771;802A00149678;No
./data/QR/35RSU/GB035R004771.png;GB035R004771;802A00149679;No
./data/QR/35RSU/GB035R004772.png;GB035R004772;802A00129660;No
./data/QR/35RSU/GB035R004772.png;GB035R004772;802A00129661;No
./data/QR/35RSU/GB035R004772.png;GB035R004772;802A00129662;No
./data/QR/35RSU/GB035R004772.png;GB035R004772;802A00129663;No
./data/QR/35RSU/GB035R004772.png;GB035R004772;802A00129664;No
./data/QR/35RSU/GB035R004772.png;GB035R004772;802A00129665;No
./data/QR/35RSU/GB035R004772.png;GB035R004772;802A00129666;No
./data/QR/35RSU/GB035R004772.png;GB035R004772;802A00129667;No
./data/QR/35RSU/GB035R004772.png;GB035R004772;802A00129668;No
./data/QR/35RSU/GB035R004772.png;GB035R004772;802A00129669;No
./data/QR/35RSU/GB035R004772.png;GB035R004772;802A00129670;No
./data/QR/35RSU/GB035R004772.png;GB035R004772;802A00129671;No
./data/QR/35RSU/GB035R004772.png;GB035R004772;802A00129672;No
./data/QR/35RSU/GB035R004772.png;GB035R004772;802A00129673;No
./data/QR/35RSU/GB035R004772.png;GB035R004772;802A00129674;No
./data/QR/35RSU/GB035R004772.png;GB035R004772;802A00129675;No
./data/QR/35RSU/GB035R004772.png;GB035R004772;802A00129676;No
./data/QR/35RSU/GB035R004772.png;GB035R004772;802A00129677;No
./data/QR/35RSU/GB035R004772.png;GB035R004772;802A00129678;No
./data/QR/35RSU/GB035R004772.png;GB035R004772;802A00129679;No
